subject,supertype
rdf-schema#Resource,
catalhoyuk#Ablepharus,catalhoyuk#Scincidae
catalhoyuk#AblepharusKitaibelii,catalhoyuk#Ablepharus
catalhoyuk#AccessHole,catalhoyuk#OpeningInTheWall
catalhoyuk#AccessoryCarpalBone,catalhoyuk#CarpalBone
catalhoyuk#Acipenseridae,catalhoyuk#Acipenseriformes
catalhoyuk#Acipenseriformes,catalhoyuk#Actinopteri
catalhoyuk#Acomys,catalhoyuk#Deomyinae
catalhoyuk#Actinopteri,catalhoyuk#Actinopterygii
catalhoyuk#Actinopterygii,catalhoyuk#Osteichthyes
catalhoyuk#ActivityLayer,catalhoyuk#Layer
catalhoyuk#AdobePavement,catalhoyuk#Pavement
catalhoyuk#AdobeWall,catalhoyuk#Wall
catalhoyuk#Amniota,catalhoyuk#Reptiliomorpha
catalhoyuk#AnatomicalEntity,catalhoyuk#PhysicalThing
catalhoyuk#AnatomicalStructure,catalhoyuk#MaterialAnatomicalEntity
catalhoyuk#AnimalDisturbance,catalhoyuk#Feature
catalhoyuk#AnimalHorn,catalhoyuk#WallFeature
catalhoyuk#Anthropoidea,catalhoyuk#Haplorrhini
catalhoyuk#Anura,catalhoyuk#Lissamphibia
catalhoyuk#Apodemurini,catalhoyuk#Murinae
catalhoyuk#Apodemus,catalhoyuk#Apodemurini
catalhoyuk#ApodemusAgrarius,catalhoyuk#Apodemus
catalhoyuk#ApodemusDraco,catalhoyuk#Apodemus
catalhoyuk#ApodemusFlavicollis,catalhoyuk#Apodemus
catalhoyuk#ApodemusMystacinus,catalhoyuk#Apodemus
catalhoyuk#ApodemusSylvaticus,catalhoyuk#Apodemus
catalhoyuk#Appellation,catalhoyuk#SymbolicObject
catalhoyuk#ArbitraryLayer,catalhoyuk#Layer
catalhoyuk#ArchiveSample,catalhoyuk#Sample
catalhoyuk#Archosauria,catalhoyuk#Archosauriformes
catalhoyuk#Archosauriformes,catalhoyuk#Archosauromorpha
catalhoyuk#Archosauromorpha,catalhoyuk#Neodiapsida
catalhoyuk#Area,catalhoyuk#SpatialEntity
catalhoyuk#Artiodactyla,catalhoyuk#Cetartiodactyla
catalhoyuk#Arvicola,catalhoyuk#Arvicolinae
catalhoyuk#Arvicolinae,catalhoyuk#Cricetidae
catalhoyuk#Atlas,catalhoyuk#CervicalVertebra
catalhoyuk#AtypicalRib,catalhoyuk#TrueRib
catalhoyuk#AuditoryOssicle,catalhoyuk#IrregularBone
catalhoyuk#Avemetatarsalia,catalhoyuk#Archosauria
catalhoyuk#Aves,catalhoyuk#Paraves
catalhoyuk#Axis,catalhoyuk#CervicalVertebra
catalhoyuk#Bag,catalhoyuk#StoreContainer
catalhoyuk#Base,catalhoyuk#Feature
catalhoyuk#Basin,catalhoyuk#Feature
catalhoyuk#Basket,catalhoyuk#Feature
catalhoyuk#BasketFragments,catalhoyuk#Basket
catalhoyuk#Batrachomorpha,catalhoyuk#Tetrapoda
catalhoyuk#BeginOfInterval,catalhoyuk#PointInTime
catalhoyuk#Bench,catalhoyuk#Feature
catalhoyuk#BenchWall,catalhoyuk#Feature
catalhoyuk#Bilateria,catalhoyuk#Metazoa
catalhoyuk#Bin,catalhoyuk#Feature
catalhoyuk#BinArea,catalhoyuk#Feature
catalhoyuk#BinBasin,catalhoyuk#Feature
catalhoyuk#BiologicalPerson,catalhoyuk#Person
catalhoyuk#Bivalvia,catalhoyuk#Mollusca
catalhoyuk#BlackBurntStructure,catalhoyuk#Feature
catalhoyuk#BlackFireInstallation,catalhoyuk#FireInstallation
catalhoyuk#Blocking,catalhoyuk#Feature
catalhoyuk#BoneOrgan,catalhoyuk#OrganWithCavitatedOrganParts
catalhoyuk#Boreoeutheria,catalhoyuk#Placentalia
catalhoyuk#Bos,catalhoyuk#Bovidae
catalhoyuk#BosTaurus,catalhoyuk#Bos
catalhoyuk#BosTaurusPrimigenius,catalhoyuk#BosTaurus
catalhoyuk#BoundingBox,catalhoyuk#GeometricPrimitive
catalhoyuk#Bovidae,catalhoyuk#Ruminantia
catalhoyuk#Bricks,catalhoyuk#Feature
catalhoyuk#Bucranium,catalhoyuk#Feature
catalhoyuk#Bufonidae,catalhoyuk#Hyloidea
catalhoyuk#Building,catalhoyuk#SpatialEntity
catalhoyuk#Burial,catalhoyuk#Feature
catalhoyuk#Buttress,catalhoyuk#WallSupport
catalhoyuk#Cache,catalhoyuk#Feature
catalhoyuk#Caenogastropoda,catalhoyuk#Gastropoda
catalhoyuk#Calcaneus,catalhoyuk#TarsalBone
catalhoyuk#Canidae,catalhoyuk#Caniformia
catalhoyuk#Caniformia,catalhoyuk#Carnivora
catalhoyuk#CanineTooth,catalhoyuk#Tooth
catalhoyuk#Canis,catalhoyuk#Canidae
catalhoyuk#CanisLupus,catalhoyuk#Canis
catalhoyuk#Capitate,catalhoyuk#DistalCarpalBone
catalhoyuk#Capra,catalhoyuk#Bovidae
catalhoyuk#CapraIbex,catalhoyuk#Capra
catalhoyuk#Capreolus,catalhoyuk#Cervidae
catalhoyuk#Carnivora,catalhoyuk#Theria
catalhoyuk#CarpalBone,catalhoyuk#ShortBone
catalhoyuk#Castor,catalhoyuk#Castoridae
catalhoyuk#CastorFiber,catalhoyuk#Castor
catalhoyuk#Castoridae,catalhoyuk#Castorimorpha
catalhoyuk#Castorimorpha,catalhoyuk#Mouse
catalhoyuk#Catarrhini,catalhoyuk#Anthropoidea
catalhoyuk#CavitatedOrgan,catalhoyuk#Organ
catalhoyuk#CellularOrganisms,catalhoyuk#Life
catalhoyuk#CentralCarpalBone,catalhoyuk#CarpalBone
catalhoyuk#CentralIncisorTooth,catalhoyuk#IncisorTooth
catalhoyuk#CentralPoint,catalhoyuk#Point
catalhoyuk#CentralRoom,catalhoyuk#Feature
catalhoyuk#CervicalRib,catalhoyuk#VariantRib
catalhoyuk#CervicalVertebra,catalhoyuk#Vertebra
catalhoyuk#Cervidae,catalhoyuk#Ruminantia
catalhoyuk#Cervus,catalhoyuk#Cervidae
catalhoyuk#CervusElaphus,catalhoyuk#Cervus
catalhoyuk#Cetartiodactyla,catalhoyuk#Scrotifera
catalhoyuk#ChalcidesOcellatus,catalhoyuk#Scincidae
catalhoyuk#Chamaeleonidae,catalhoyuk#Iguania
catalhoyuk#Characiphysae,catalhoyuk#Otophysa
catalhoyuk#Chiroptera,catalhoyuk#Scrotifera
catalhoyuk#Chordata,catalhoyuk#Deuterostomia
catalhoyuk#Clavicle,catalhoyuk#LongBone
catalhoyuk#ClayBallConcentration,catalhoyuk#Feature
catalhoyuk#ClayBox,catalhoyuk#Feature
catalhoyuk#ClayPost,catalhoyuk#Post
catalhoyuk#Clupeocephala,catalhoyuk#Osteoglossocephalai
catalhoyuk#Cluster,catalhoyuk#Unit
catalhoyuk#ClusterFeature,catalhoyuk#Feature
catalhoyuk#CoccygealVertebra,catalhoyuk#Vertebra
catalhoyuk#Coccyx,catalhoyuk#IrregularBone
catalhoyuk#Coelurosauria,catalhoyuk#Tetanurae
catalhoyuk#Coluber,catalhoyuk#Colubridae
catalhoyuk#Colubridae,catalhoyuk#Serpentes
catalhoyuk#ColumnBase,catalhoyuk#Feature
catalhoyuk#ConservationEvent,catalhoyuk#Event
catalhoyuk#ConstructionLayer,catalhoyuk#Layer
catalhoyuk#Container,catalhoyuk#PhysicalThing
catalhoyuk#CranialBone,catalhoyuk#BoneOrgan
catalhoyuk#Crate,catalhoyuk#StoreContainer
catalhoyuk#Crawlhole,catalhoyuk#AccessHole
catalhoyuk#Cricetidae,catalhoyuk#Eumuroidea
catalhoyuk#Cricetinae,catalhoyuk#Cricetidae
catalhoyuk#Cricetulus,catalhoyuk#Cricetinae
catalhoyuk#CricetulusMigratorius,catalhoyuk#Cricetulus
catalhoyuk#Cricetus,catalhoyuk#Cricetinae
catalhoyuk#CricetusCricetus,catalhoyuk#Cricetus
catalhoyuk#Crocidura,catalhoyuk#Soricidae
catalhoyuk#CrociduraLeucodon,catalhoyuk#Crocidura
catalhoyuk#CrociduraSuaveolens,catalhoyuk#Crocidura
catalhoyuk#Cryptodira,catalhoyuk#Testudinata
catalhoyuk#CuboidBone,catalhoyuk#TarsalBone
catalhoyuk#CuneiformBone,catalhoyuk#TarsalBone
catalhoyuk#CurtainWall,catalhoyuk#Wall
catalhoyuk#Curve,catalhoyuk#GeometricPrimitive
catalhoyuk#Cut,catalhoyuk#Unit
catalhoyuk#CutExtension,catalhoyuk#CutFeature
catalhoyuk#CutFeature,catalhoyuk#Feature
catalhoyuk#CutForTheScreenWall,catalhoyuk#CutFeature
catalhoyuk#Cynodontia,catalhoyuk#Therapsida
catalhoyuk#Cyprinidae,catalhoyuk#Cypriniformes
catalhoyuk#Cypriniformes,catalhoyuk#Cypriniphysae
catalhoyuk#Cypriniphysae,catalhoyuk#Otophysa
catalhoyuk#Cyprinus,catalhoyuk#Cyprinidae
catalhoyuk#CyprinusCarpio,catalhoyuk#Cyprinus
catalhoyuk#Cyrtodactylus,catalhoyuk#Gekkonidae
catalhoyuk#Dama,catalhoyuk#Cervidae
catalhoyuk#DamaDama,catalhoyuk#Dama
catalhoyuk#Deomyinae,catalhoyuk#Muridae
catalhoyuk#Depression,catalhoyuk#Feature
catalhoyuk#Deuterostomia,catalhoyuk#Bilateria
catalhoyuk#Diapsida,catalhoyuk#Eureptilia
catalhoyuk#DiaryAuthor,catalhoyuk#SocialPerson
catalhoyuk#DiaryEntry,catalhoyuk#Document
catalhoyuk#Dimension,rdf-schema#Resource
catalhoyuk#Dinosauria,catalhoyuk#Ornithodira
catalhoyuk#DistalCarpalBone,catalhoyuk#CarpalBone
catalhoyuk#DistalOfLeftClavicle,catalhoyuk#LeftClavicle
catalhoyuk#DistalOfLeftFemur,catalhoyuk#LeftFemur
catalhoyuk#DistalOfLeftFibula,catalhoyuk#LeftFibula
catalhoyuk#DistalOfLeftHumerus,catalhoyuk#LeftHumerus
catalhoyuk#DistalOfLeftRadius,catalhoyuk#LeftRadius
catalhoyuk#DistalOfLeftTibia,catalhoyuk#LeftTibia
catalhoyuk#DistalOfLeftUlna,catalhoyuk#LeftUlna
catalhoyuk#DistalOfRightClavicle,catalhoyuk#RightClavicle
catalhoyuk#DistalOfRightFemur,catalhoyuk#RightFemur
catalhoyuk#DistalOfRightFibula,catalhoyuk#RightFibula
catalhoyuk#DistalOfRightHumerus,catalhoyuk#RightHumerus
catalhoyuk#DistalOfRightRadius,catalhoyuk#RightRadius
catalhoyuk#DistalOfRightTibia,catalhoyuk#RightTibia
catalhoyuk#DistalOfRightUlna,catalhoyuk#RightUlna
catalhoyuk#DistalPhalanx,catalhoyuk#Phalanx
catalhoyuk#DistalPhalanxOfBigToe,catalhoyuk#PhalanxOfBigToe
catalhoyuk#DistalPhalanxOfFinger,catalhoyuk#PhalanxOfFinger
catalhoyuk#DistalPhalanxOfFourthToe,catalhoyuk#PhalanxOfFourthToe
catalhoyuk#DistalPhalanxOfIndexFinger,catalhoyuk#PhalanxOfIndexFinger
catalhoyuk#DistalPhalanxOfLeftBigToe,catalhoyuk#DistalPhalanxOfBigToe
catalhoyuk#DistalPhalanxOfLeftFinger,catalhoyuk#DistalPhalanxOfFinger
catalhoyuk#DistalPhalanxOfLeftFourthToe,catalhoyuk#DistalPhalanxOfFourthToe
catalhoyuk#DistalPhalanxOfLeftIndexFinger,catalhoyuk#DistalPhalanxOfIndexFinger
catalhoyuk#DistalPhalanxOfLeftLittleFinger,catalhoyuk#DistalPhalanxOfLittleFinger
catalhoyuk#DistalPhalanxOfLeftLittleToe,catalhoyuk#DistalPhalanxOfLittleToe
catalhoyuk#DistalPhalanxOfLeftMiddleFinger,catalhoyuk#DistalPhalanxOfMiddleFinger
catalhoyuk#DistalPhalanxOfLeftRingFinger,catalhoyuk#DistalPhalanxOfRingFinger
catalhoyuk#DistalPhalanxOfLeftSecondToe,catalhoyuk#DistalPhalanxOfSecondToe
catalhoyuk#DistalPhalanxOfLeftThirdToe,catalhoyuk#DistalPhalanxOfThirdToe
catalhoyuk#DistalPhalanxOfLeftThumb,catalhoyuk#DistalPhalanxOfThumb
catalhoyuk#DistalPhalanxOfLesserLeftToe,catalhoyuk#DistalPhalanxOfLesserToe
catalhoyuk#DistalPhalanxOfLesserRightToe,catalhoyuk#DistalPhalanxOfLesserToe
catalhoyuk#DistalPhalanxOfLesserToe,catalhoyuk#DistalPhalanxOfToe
catalhoyuk#DistalPhalanxOfLittleFinger,catalhoyuk#PhalanxOfLittleFinger
catalhoyuk#DistalPhalanxOfLittleToe,catalhoyuk#PhalanxOfLittleToe
catalhoyuk#DistalPhalanxOfMiddleFinger,catalhoyuk#PhalanxOfMiddleFinger
catalhoyuk#DistalPhalanxOfRightBigToe,catalhoyuk#DistalPhalanxOfBigToe
catalhoyuk#DistalPhalanxOfRightFinger,catalhoyuk#DistalPhalanxOfFinger
catalhoyuk#DistalPhalanxOfRightFourthToe,catalhoyuk#DistalPhalanxOfFourthToe
catalhoyuk#DistalPhalanxOfRightIndexFinger,catalhoyuk#DistalPhalanxOfIndexFinger
catalhoyuk#DistalPhalanxOfRightLittleFinger,catalhoyuk#DistalPhalanxOfLittleFinger
catalhoyuk#DistalPhalanxOfRightLittleToe,catalhoyuk#DistalPhalanxOfLittleToe
catalhoyuk#DistalPhalanxOfRightMiddleFinger,catalhoyuk#DistalPhalanxOfMiddleFinger
catalhoyuk#DistalPhalanxOfRightRingFinger,catalhoyuk#DistalPhalanxOfRingFinger
catalhoyuk#DistalPhalanxOfRightSecondToe,catalhoyuk#DistalPhalanxOfSecondToe
catalhoyuk#DistalPhalanxOfRightThirdToe,catalhoyuk#DistalPhalanxOfThirdToe
catalhoyuk#DistalPhalanxOfRightThumb,catalhoyuk#DistalPhalanxOfThumb
catalhoyuk#DistalPhalanxOfRingFinger,catalhoyuk#PhalanxOfRingFinger
catalhoyuk#DistalPhalanxOfSecondToe,catalhoyuk#PhalanxOfSecondToe
catalhoyuk#DistalPhalanxOfThirdToe,catalhoyuk#PhalanxOfThirdToe
catalhoyuk#DistalPhalanxOfThumb,catalhoyuk#PhalanxOfThumb
catalhoyuk#DistalPhalanxOfToe,catalhoyuk#PhalanxOfToe
catalhoyuk#Document,catalhoyuk#Documentation
catalhoyuk#Documentation,rdf-schema#Resource
catalhoyuk#Doorway,catalhoyuk#AccessHole
catalhoyuk#DoorwayNiche,catalhoyuk#Feature
catalhoyuk#Drawing,catalhoyuk#Image
catalhoyuk#Dryomys,catalhoyuk#Leithiinae
catalhoyuk#DryomysLaniger,catalhoyuk#Dryomys
catalhoyuk#DryomysNitedula,catalhoyuk#Dryomys
catalhoyuk#EighthRib,catalhoyuk#FalseRib
catalhoyuk#EighthThoracicVertebra,catalhoyuk#ThoracicVertebra
catalhoyuk#Elaphe,catalhoyuk#Colubridae
catalhoyuk#EleventhRib,catalhoyuk#FloatingRib
catalhoyuk#EleventhThoracicVertebra,catalhoyuk#ThoracicVertebra
catalhoyuk#Eliomys,catalhoyuk#Leithiinae
catalhoyuk#EliomysMelanurus,catalhoyuk#Eliomys
catalhoyuk#Emydidae,catalhoyuk#Cryptodira
catalhoyuk#Emys,catalhoyuk#Emydidae
catalhoyuk#EndOfInterval,catalhoyuk#PointInTime
catalhoyuk#EngagedPostPillar,catalhoyuk#Post
catalhoyuk#EntryBench,catalhoyuk#Bench
catalhoyuk#EpiptericBone,catalhoyuk#SuturalBone
catalhoyuk#Equidae,catalhoyuk#Hippomorpha
catalhoyuk#Equus,catalhoyuk#Equidae
catalhoyuk#EquusAsinus,catalhoyuk#Equus
catalhoyuk#EquusCaballus,catalhoyuk#Equus
catalhoyuk#EquusHemionus,catalhoyuk#Equus
catalhoyuk#Erinaceidae,catalhoyuk#Lipotyphla
catalhoyuk#Erinaceus,catalhoyuk#Erinaceidae
catalhoyuk#ErinaceusEuropaeus,catalhoyuk#Erinaceus
catalhoyuk#Esocidae,catalhoyuk#Esociformes
catalhoyuk#Esociformes,catalhoyuk#Actinopterygii
catalhoyuk#Esox,catalhoyuk#Esocidae
catalhoyuk#EsoxLucius,catalhoyuk#Esox
catalhoyuk#Ethmoid,catalhoyuk#PneumatizedBone
catalhoyuk#Euarchonta,catalhoyuk#Euarchontoglires
catalhoyuk#Euarchontoglires,catalhoyuk#Boreoeutheria
catalhoyuk#Eukaryota,catalhoyuk#CellularOrganisms
catalhoyuk#Eumuroidea,catalhoyuk#Muroidea
catalhoyuk#Eureptilia,catalhoyuk#Reptilia
catalhoyuk#Eutheria,catalhoyuk#Theria
catalhoyuk#Event,rdf-schema#Resource
catalhoyuk#ExcavationEvent,catalhoyuk#Event
catalhoyuk#ExcavationSpecialist,catalhoyuk#SocialPerson
catalhoyuk#ExtractionObject,catalhoyuk#PhysicalThing
catalhoyuk#Fabella,catalhoyuk#SesamoidBone
catalhoyuk#FallenRoof,catalhoyuk#Roof
catalhoyuk#FalseRib,catalhoyuk#Rib
catalhoyuk#Feature,catalhoyuk#SpatialEntity
catalhoyuk#Felidae,catalhoyuk#Feliformia
catalhoyuk#Feliformia,catalhoyuk#Carnivora
catalhoyuk#Felis,catalhoyuk#Felidae
catalhoyuk#FelisCatus,catalhoyuk#Felis
catalhoyuk#FelisSilvestris,catalhoyuk#Felis
catalhoyuk#Femur,catalhoyuk#LongBone
catalhoyuk#Fibula,catalhoyuk#LongBone
catalhoyuk#FifthCervicalVertebra,catalhoyuk#CervicalVertebra
catalhoyuk#FifthLumbarVertebra,catalhoyuk#LumbarVertebra
catalhoyuk#FifthMetacarpalBone,catalhoyuk#MetacarpalBone
catalhoyuk#FifthMetatarsalBone,catalhoyuk#MetatarsalBone
catalhoyuk#FifthRib,catalhoyuk#TypicalRib
catalhoyuk#FifthSacralVertebra,catalhoyuk#SacralVertebra
catalhoyuk#FifthThoracicVertebra,catalhoyuk#ThoracicVertebra
catalhoyuk#Fill,catalhoyuk#Layer
catalhoyuk#Find,catalhoyuk#ExtractionObject
catalhoyuk#FireInstallation,catalhoyuk#Feature
catalhoyuk#FireSpot,catalhoyuk#FireInstallation
catalhoyuk#FirstCoccygealVertebra,catalhoyuk#CoccygealVertebra
catalhoyuk#FirstLumbarVertebra,catalhoyuk#LumbarVertebra
catalhoyuk#FirstMandibularMolarTooth,catalhoyuk#MandibularMolarTooth
catalhoyuk#FirstMandibularPremolarTooth,catalhoyuk#MandibularPremolarTooth
catalhoyuk#FirstMaxillaryMolarTooth,catalhoyuk#MaxillaryMolarTooth
catalhoyuk#FirstMaxillaryPremolarTooth,catalhoyuk#MaxillaryPremolarTooth
catalhoyuk#FirstMetacarpalBone,catalhoyuk#MetacarpalBone
catalhoyuk#FirstMetatarsalBone,catalhoyuk#MetatarsalBone
catalhoyuk#FirstMolarTooth,catalhoyuk#MolarTooth
catalhoyuk#FirstPremolarTooth,catalhoyuk#PremolarTooth
catalhoyuk#FirstRib,catalhoyuk#AtypicalRib
catalhoyuk#FirstSacralVertebra,catalhoyuk#SacralVertebra
catalhoyuk#FirstThoracicVertebra,catalhoyuk#ThoracicVertebra
catalhoyuk#FlatBone,catalhoyuk#BoneOrgan
catalhoyuk#FloatingRib,catalhoyuk#FalseRib
catalhoyuk#Floor,catalhoyuk#Layer
catalhoyuk#FloorCutHollow,catalhoyuk#LadderEmplacement
catalhoyuk#FloorFeature,catalhoyuk#Feature
catalhoyuk#FlotationSample,catalhoyuk#Sample
catalhoyuk#Foundation,catalhoyuk#Feature
catalhoyuk#FourthCervicalVertebra,catalhoyuk#CervicalVertebra
catalhoyuk#FourthCoccygealVertebra,catalhoyuk#CoccygealVertebra
catalhoyuk#FourthLumbarVertebra,catalhoyuk#LumbarVertebra
catalhoyuk#FourthMetacarpalBone,catalhoyuk#MetacarpalBone
catalhoyuk#FourthMetatarsalBone,catalhoyuk#MetatarsalBone
catalhoyuk#FourthRib,catalhoyuk#TypicalRib
catalhoyuk#FourthSacralVertebra,catalhoyuk#SacralVertebra
catalhoyuk#FourthThoracicVertebra,catalhoyuk#ThoracicVertebra
catalhoyuk#FrontalBone,catalhoyuk#FlatBone
catalhoyuk#Gastropoda,catalhoyuk#Mollusca
catalhoyuk#Gazella,catalhoyuk#Bovidae
catalhoyuk#Gekkonidae,catalhoyuk#Gekkota
catalhoyuk#Gekkota,catalhoyuk#Squamata
catalhoyuk#Geoemydidae,catalhoyuk#Cryptodira
catalhoyuk#GeometricPrimitive,catalhoyuk#Geometry
catalhoyuk#Geometry,rdf-schema#Resource
catalhoyuk#Gerbillinae,catalhoyuk#Muridae
catalhoyuk#Glires,catalhoyuk#Euarchontoglires
catalhoyuk#Gliridae,catalhoyuk#Sciuromorpha
catalhoyuk#Glirinae,catalhoyuk#Gliridae
catalhoyuk#Glis,catalhoyuk#Glirinae
catalhoyuk#GlisGlis,catalhoyuk#Glis
catalhoyuk#Gnathostomata,catalhoyuk#Vertebrata
catalhoyuk#GrindingInstallation,catalhoyuk#Feature
catalhoyuk#Hamate,catalhoyuk#DistalCarpalBone
catalhoyuk#HandRecess,catalhoyuk#NicheRecess
catalhoyuk#Haplorrhini,catalhoyuk#Primates
catalhoyuk#Hearth,catalhoyuk#FireInstallation
catalhoyuk#Hemidactylus,catalhoyuk#Gekkonidae
catalhoyuk#HemidactylusTurcicus,catalhoyuk#Hemidactylus
catalhoyuk#HipBone,catalhoyuk#IrregularBone
catalhoyuk#Hippomorpha,catalhoyuk#Perissodactyla
catalhoyuk#HodderLevel,catalhoyuk#Level
catalhoyuk#Hominidae,catalhoyuk#Hominoidea
catalhoyuk#Hominoidea,catalhoyuk#Catarrhini
catalhoyuk#Homo,catalhoyuk#Hominidae
catalhoyuk#HomoSapiens,catalhoyuk#Homo
catalhoyuk#HouseWall,catalhoyuk#Wall
catalhoyuk#HumanRemainsSpecialist,catalhoyuk#SocialPerson
catalhoyuk#Humerus,catalhoyuk#LongBone
catalhoyuk#Hyla,catalhoyuk#Hylinae
catalhoyuk#HylaArborea,catalhoyuk#HylaHyla
catalhoyuk#HylaHyla,catalhoyuk#Hyla
catalhoyuk#Hylidae,catalhoyuk#Hyloidea
catalhoyuk#Hylinae,catalhoyuk#Hylidae
catalhoyuk#Hyloidea,catalhoyuk#Neobatrachia
catalhoyuk#HyoidBone,catalhoyuk#IrregularBone
catalhoyuk#Iguania,catalhoyuk#Squamata
catalhoyuk#IliumLeftHipbone,catalhoyuk#LeftHipBone
catalhoyuk#IliumRightHipbone,catalhoyuk#RightHipBone
catalhoyuk#Image,catalhoyuk#Documentation
catalhoyuk#IncisorTooth,catalhoyuk#Tooth
catalhoyuk#Incus,catalhoyuk#AuditoryOssicle
catalhoyuk#Individual,catalhoyuk#BiologicalPerson
catalhoyuk#InferiorNasalConcha,catalhoyuk#IrregularBone
catalhoyuk#InteriorWall,catalhoyuk#Wall
catalhoyuk#IntermediateCuneiformBone,catalhoyuk#CuneiformBone
catalhoyuk#InternalPartition,catalhoyuk#Partition
catalhoyuk#InterparietalBone,catalhoyuk#SuturalBone
catalhoyuk#IrregularBone,catalhoyuk#BoneOrgan
catalhoyuk#IschiumLeftHipbone,catalhoyuk#LeftHipBone
catalhoyuk#IschiumRightHipbone,catalhoyuk#RightHipBone
catalhoyuk#Kerb,catalhoyuk#Feature
catalhoyuk#Kiln,catalhoyuk#Feature
catalhoyuk#Lacerta,catalhoyuk#Lacertidae
catalhoyuk#LacertaTrilineata,catalhoyuk#Lacerta
catalhoyuk#Lacertidae,catalhoyuk#Lacertoidea
catalhoyuk#Lacertoidea,catalhoyuk#Squamata
catalhoyuk#LacrimalBone,catalhoyuk#IrregularBone
catalhoyuk#Ladder,catalhoyuk#Feature
catalhoyuk#LadderEmplacement,catalhoyuk#Feature
catalhoyuk#LadderScar,catalhoyuk#LadderEmplacement
catalhoyuk#Lagomorpha,catalhoyuk#Glires
catalhoyuk#Lagurus,catalhoyuk#Arvicolinae
catalhoyuk#LagurusLagurus,catalhoyuk#Lagurus
catalhoyuk#LateralCuneiformBone,catalhoyuk#CuneiformBone
catalhoyuk#LateralIncisorTooth,catalhoyuk#IncisorTooth
catalhoyuk#Laurasiatheria,catalhoyuk#Boreoeutheria
catalhoyuk#Layer,catalhoyuk#Unit
catalhoyuk#LedgeShelf,catalhoyuk#Feature
catalhoyuk#LeftCalcaneus,catalhoyuk#Calcaneus
catalhoyuk#LeftCapitate,catalhoyuk#Capitate
catalhoyuk#LeftClavicle,catalhoyuk#Clavicle
catalhoyuk#LeftCuboidBone,catalhoyuk#CuboidBone
catalhoyuk#LeftEighthRib,catalhoyuk#EighthRib
catalhoyuk#LeftEleventhRib,catalhoyuk#EleventhRib
catalhoyuk#LeftFabella,catalhoyuk#Fabella
catalhoyuk#LeftFemur,catalhoyuk#Femur
catalhoyuk#LeftFibula,catalhoyuk#Fibula
catalhoyuk#LeftFifthMetacarpalBone,catalhoyuk#FifthMetacarpalBone
catalhoyuk#LeftFifthMetatarsalBone,catalhoyuk#FifthMetatarsalBone
catalhoyuk#LeftFifthRib,catalhoyuk#FifthRib
catalhoyuk#LeftFirstLowerMolarTooth,catalhoyuk#SecondaryFirstMandibularMolarTooth
catalhoyuk#LeftFirstLowerPremolarTooth,catalhoyuk#FirstMandibularPremolarTooth
catalhoyuk#LeftFirstMetacarpalBone,catalhoyuk#FirstMetacarpalBone
catalhoyuk#LeftFirstMetatarsalBone,catalhoyuk#FirstMetatarsalBone
catalhoyuk#LeftFirstRib,catalhoyuk#FirstRib
catalhoyuk#LeftFirstUpperMolarTooth,catalhoyuk#SecondaryFirstUpperMolarTooth
catalhoyuk#LeftFirstupperPremolarTooth,catalhoyuk#FirstMaxillaryPremolarTooth
catalhoyuk#LeftFourthMetacarpalBone,catalhoyuk#FourthMetacarpalBone
catalhoyuk#LeftFourthMetatarsalBone,catalhoyuk#FourthMetatarsalBone
catalhoyuk#LeftFourthRib,catalhoyuk#FourthRib
catalhoyuk#LeftHamate,catalhoyuk#Hamate
catalhoyuk#LeftHipBone,catalhoyuk#HipBone
catalhoyuk#LeftHumerus,catalhoyuk#Humerus
catalhoyuk#LeftIncus,catalhoyuk#Incus
catalhoyuk#LeftInferiorNasalConcha,catalhoyuk#InferiorNasalConcha
catalhoyuk#LeftIntermediateCuneiformBone,catalhoyuk#IntermediateCuneiformBone
catalhoyuk#LeftLacrimalBone,catalhoyuk#LacrimalBone
catalhoyuk#LeftLateralCuneiformBone,catalhoyuk#LateralCuneiformBone
catalhoyuk#LeftLowerCanineTooth,catalhoyuk#SecondaryLowerCanineTooth
catalhoyuk#LeftLowerCentralIncisorTooth,catalhoyuk#SecondaryLowerCentralIncisorTooth
catalhoyuk#LeftLowerLateralIncisorTooth,catalhoyuk#SecondaryLowerLateralIncisorTooth
catalhoyuk#LeftLunate,catalhoyuk#Lunate
catalhoyuk#LeftMalleus,catalhoyuk#Malleus
catalhoyuk#LeftMandible,catalhoyuk#Mandible
catalhoyuk#LeftMaxilla,catalhoyuk#Maxilla
catalhoyuk#LeftMedialCuneiformBone,catalhoyuk#MedialCuneiformBone
catalhoyuk#LeftNasalBone,catalhoyuk#NasalBone
catalhoyuk#LeftNinthRib,catalhoyuk#NinthRib
catalhoyuk#LeftPalatineBone,catalhoyuk#PalatineBone
catalhoyuk#LeftParietalBone,catalhoyuk#ParietalBone
catalhoyuk#LeftPatella,catalhoyuk#Patella
catalhoyuk#LeftPisiform,catalhoyuk#Pisiform
catalhoyuk#LeftPrimaryFirstLowerMolarTooth,catalhoyuk#PrimaryFirstMandibularMolarTooth
catalhoyuk#LeftPrimaryFirstUpperMolarTooth,catalhoyuk#PrimaryFirstUpperMolarTooth
catalhoyuk#LeftPrimaryLowerCanineTooth,catalhoyuk#PrimaryLowerCanineTooth
catalhoyuk#LeftPrimaryLowerCentralIncisorTooth,catalhoyuk#PrimaryLowerCentralIncisorTooth
catalhoyuk#LeftPrimaryLowerLateralIncisorTooth,catalhoyuk#PrimaryLowerLateralIncisorTooth
catalhoyuk#LeftPrimarySecondLowerMolarTooth,catalhoyuk#PrimarySecondMandibularMolarTooth
catalhoyuk#LeftPrimarySecondUpperMolarTooth,catalhoyuk#PrimarySecondUpperMolarTooth
catalhoyuk#LeftPrimaryUpperCanineTooth,catalhoyuk#PrimaryUpperCanineTooth
catalhoyuk#LeftPrimaryUpperCentralIncisorTooth,catalhoyuk#PrimaryUpperCentralIncisorTooth
catalhoyuk#LeftPrimaryUpperLateralIncisorTooth,catalhoyuk#PrimaryUpperLateralIncisorTooth
catalhoyuk#LeftRadius,catalhoyuk#Radius
catalhoyuk#LeftScaphoid,catalhoyuk#Scaphoid
catalhoyuk#LeftScapula,catalhoyuk#Scapula
catalhoyuk#LeftSecondLowerMolarTooth,catalhoyuk#SecondarySecondMandibularMolarTooth
catalhoyuk#LeftSecondLowerPremolarTooth,catalhoyuk#SecondMandibularPremolarTooth
catalhoyuk#LeftSecondMetacarpalBone,catalhoyuk#SecondMetacarpalBone
catalhoyuk#LeftSecondMetatarsalBone,catalhoyuk#SecondMetatarsalBone
catalhoyuk#LeftSecondRib,catalhoyuk#SecondRib
catalhoyuk#LeftSecondUpperMolarTooth,catalhoyuk#SecondarySecondUpperMolarTooth
catalhoyuk#LeftSecondUpperPremolarTooth,catalhoyuk#SecondMaxillaryPremolarTooth
catalhoyuk#LeftSeventhRib,catalhoyuk#SeventhRib
catalhoyuk#LeftSixthRib,catalhoyuk#SixthRib
catalhoyuk#LeftStapes,catalhoyuk#Stapes
catalhoyuk#LeftTalus,catalhoyuk#Talus
catalhoyuk#LeftTemporalBone,catalhoyuk#TemporalBone
catalhoyuk#LeftTenthRib,catalhoyuk#TenthRib
catalhoyuk#LeftThirdLowerMolarTooth,catalhoyuk#ThirdMandibularMolarTooth
catalhoyuk#LeftThirdMetacarpalBone,catalhoyuk#ThirdMetacarpalBone
catalhoyuk#LeftThirdMetatarsalBone,catalhoyuk#ThirdMetatarsalBone
catalhoyuk#LeftThirdRib,catalhoyuk#ThirdRib
catalhoyuk#LeftThirdUpperMolarTooth,catalhoyuk#ThirdMaxillaryMolarTooth
catalhoyuk#LeftTibia,catalhoyuk#Tibia
catalhoyuk#LeftTrapezium,catalhoyuk#Trapezium
catalhoyuk#LeftTrapezoid,catalhoyuk#Trapezoid
catalhoyuk#LeftTriquetral,catalhoyuk#Triquetral
catalhoyuk#LeftTwelfthRib,catalhoyuk#TwelfthRib
catalhoyuk#LeftUlna,catalhoyuk#Ulna
catalhoyuk#LeftUpperCanineTooth,catalhoyuk#SecondaryUpperCanineTooth
catalhoyuk#LeftUpperCentralIncisorTooth,catalhoyuk#SecondaryUpperCentralIncisorTooth
catalhoyuk#LeftUpperLateralIncisorTooth,catalhoyuk#SecondaryUpperLateralIncisorTooth
catalhoyuk#LeftZygomaticBone,catalhoyuk#ZygomaticBone
catalhoyuk#Leithiinae,catalhoyuk#Gliridae
catalhoyuk#Lepidosauriformes,catalhoyuk#Lepidosauromorpha
catalhoyuk#Lepidosauromorpha,catalhoyuk#Neodiapsida
catalhoyuk#Leporidae,catalhoyuk#Lagomorpha
catalhoyuk#Lepus,catalhoyuk#Leporidae
catalhoyuk#LesserMetatarsalBone,catalhoyuk#MetatarsalBone
catalhoyuk#Level,catalhoyuk#SequentialStep
catalhoyuk#Life,rdf-schema#Resource
catalhoyuk#Lipotyphla,catalhoyuk#Laurasiatheria
catalhoyuk#Lissamphibia,catalhoyuk#Batrachomorpha
catalhoyuk#Location,catalhoyuk#SpatialEntity
catalhoyuk#LongBone,catalhoyuk#BoneOrgan
catalhoyuk#LowerCentralIncisorTooth,catalhoyuk#CentralIncisorTooth
catalhoyuk#LowerLateralIncisorTooth,catalhoyuk#LateralIncisorTooth
catalhoyuk#LumbarRib,catalhoyuk#VariantRib
catalhoyuk#LumbarVertebra,catalhoyuk#Vertebra
catalhoyuk#Lunate,catalhoyuk#ProximalCarpalBone
catalhoyuk#Lutra,catalhoyuk#Mustelidae
catalhoyuk#Lynx,catalhoyuk#Felidae
catalhoyuk#LynxLynx,catalhoyuk#Lynx
catalhoyuk#Malleus,catalhoyuk#AuditoryOssicle
catalhoyuk#Mammalia,catalhoyuk#Cynodontia
catalhoyuk#Mandible,catalhoyuk#IrregularBone
catalhoyuk#MandibularCanineTooth,catalhoyuk#CanineTooth
catalhoyuk#MandibularIncisorTooth,catalhoyuk#IncisorTooth
catalhoyuk#MandibularMolarTooth,catalhoyuk#MolarTooth
catalhoyuk#MandibularPremolarTooth,catalhoyuk#PremolarTooth
catalhoyuk#MandibularSecondaryMolarTooth,catalhoyuk#SecondaryMolarTooth
catalhoyuk#MandibularTooth,catalhoyuk#Tooth
catalhoyuk#Maniraptora,catalhoyuk#Maniraptoriformes
catalhoyuk#Maniraptoriformes,catalhoyuk#Coelurosauria
catalhoyuk#Marmotini,catalhoyuk#Xerinae
catalhoyuk#Martes,catalhoyuk#Mustelidae
catalhoyuk#MartesFoina,catalhoyuk#Martes
catalhoyuk#MaterialAnatomicalEntity,catalhoyuk#PhysicalAnatomicalEntity
catalhoyuk#Mauremys,catalhoyuk#Geoemydidae
catalhoyuk#MauremysCaspica,catalhoyuk#Mauremys
catalhoyuk#Maxilla,catalhoyuk#PneumatizedBone
catalhoyuk#MaxillaryCanineTooth,catalhoyuk#CanineTooth
catalhoyuk#MaxillaryIncisorTooth,catalhoyuk#IncisorTooth
catalhoyuk#MaxillaryMolarTooth,catalhoyuk#MolarTooth
catalhoyuk#MaxillaryPremolarTooth,catalhoyuk#PremolarTooth
catalhoyuk#MaxillarySecondaryMolarTooth,catalhoyuk#SecondaryMolarTooth
catalhoyuk#MaxillaryTooth,catalhoyuk#Tooth
catalhoyuk#Measurement,rdf-schema#Resource
catalhoyuk#MedialCuneiformBone,catalhoyuk#CuneiformBone
catalhoyuk#Meles,catalhoyuk#Mustelidae
catalhoyuk#MelesMeles,catalhoyuk#Meles
catalhoyuk#MellaartLevel,catalhoyuk#Level
catalhoyuk#Meriones,catalhoyuk#Gerbillinae
catalhoyuk#MerionesLibycus,catalhoyuk#Meriones
catalhoyuk#MerionesPersicus,catalhoyuk#Meriones
catalhoyuk#MerionesTristrami,catalhoyuk#Meriones
catalhoyuk#Mesocricetus,catalhoyuk#Cricetinae
catalhoyuk#MesocricetusAuratus,catalhoyuk#Mesocricetus
catalhoyuk#MesocricetusBrandti,catalhoyuk#Mesocricetus
catalhoyuk#MesocricetusNewtoni,catalhoyuk#Mesocricetus
catalhoyuk#MetacarpalBone,catalhoyuk#LongBone
catalhoyuk#MetatarsalBone,catalhoyuk#LongBone
catalhoyuk#Metazoa,catalhoyuk#Opisthokonta
catalhoyuk#Microchiroptera,catalhoyuk#Chiroptera
catalhoyuk#Micromyni,catalhoyuk#Murinae
catalhoyuk#Micromys,catalhoyuk#Micromyni
catalhoyuk#MicromysMinutus,catalhoyuk#Micromys
catalhoyuk#Microtus,catalhoyuk#Arvicolinae
catalhoyuk#MicrotusArvalis,catalhoyuk#Microtus
catalhoyuk#MicrotusGuentheri,catalhoyuk#Microtus
catalhoyuk#MicrotusMajori,catalhoyuk#Microtus
catalhoyuk#MicrotusNivalis,catalhoyuk#Microtus
catalhoyuk#MicrotusSubterraneus,catalhoyuk#Microtus
catalhoyuk#MicrotusTranscaspicus,catalhoyuk#Microtus
catalhoyuk#MiddenLayer,catalhoyuk#Layer
catalhoyuk#MiddlePhalanx,catalhoyuk#Phalanx
catalhoyuk#MiddlePhalanxOfFinger,catalhoyuk#PhalanxOfFinger
catalhoyuk#MiddlePhalanxOfFourthToe,catalhoyuk#PhalanxOfFourthToe
catalhoyuk#MiddlePhalanxOfIndexFinger,catalhoyuk#PhalanxOfIndexFinger
catalhoyuk#MiddlePhalanxOfLeftFinger,catalhoyuk#MiddlePhalanxOfFinger
catalhoyuk#MiddlePhalanxOfLeftFourthToe,catalhoyuk#MiddlePhalanxOfFourthToe
catalhoyuk#MiddlePhalanxOfLeftIndexFinger,catalhoyuk#MiddlePhalanxOfIndexFinger
catalhoyuk#MiddlePhalanxOfLeftLittleFinger,catalhoyuk#MiddlePhalanxOfLittleFinger
catalhoyuk#MiddlePhalanxOfLeftLittleToe,catalhoyuk#MiddlePhalanxOfLittleToe
catalhoyuk#MiddlePhalanxOfLeftMiddleFinger,catalhoyuk#MiddlePhalanxOfMiddleFinger
catalhoyuk#MiddlePhalanxOfLeftRingFinger,catalhoyuk#MiddlePhalanxOfRingFinger
catalhoyuk#MiddlePhalanxOfLeftSecondToe,catalhoyuk#MiddlePhalanxOfSecondToe
catalhoyuk#MiddlePhalanxOfLeftThirdToe,catalhoyuk#MiddlePhalanxOfThirdToe
catalhoyuk#MiddlePhalanxOfLesserLeftToe,catalhoyuk#MiddlePhalanxOfLesserToe
catalhoyuk#MiddlePhalanxOfLesserRightToe,catalhoyuk#MiddlePhalanxOfLesserToe
catalhoyuk#MiddlePhalanxOfLesserToe,catalhoyuk#MiddlePhalanxOfToe
catalhoyuk#MiddlePhalanxOfLittleFinger,catalhoyuk#PhalanxOfLittleFinger
catalhoyuk#MiddlePhalanxOfLittleToe,catalhoyuk#PhalanxOfLittleToe
catalhoyuk#MiddlePhalanxOfMiddleFinger,catalhoyuk#PhalanxOfMiddleFinger
catalhoyuk#MiddlePhalanxOfRightFinger,catalhoyuk#MiddlePhalanxOfFinger
catalhoyuk#MiddlePhalanxOfRightFourthToe,catalhoyuk#MiddlePhalanxOfFourthToe
catalhoyuk#MiddlePhalanxOfRightIndexFinger,catalhoyuk#MiddlePhalanxOfIndexFinger
catalhoyuk#MiddlePhalanxOfRightLittleFinger,catalhoyuk#MiddlePhalanxOfLittleFinger
catalhoyuk#MiddlePhalanxOfRightLittleToe,catalhoyuk#MiddlePhalanxOfLittleToe
catalhoyuk#MiddlePhalanxOfRightMiddleFinger,catalhoyuk#MiddlePhalanxOfMiddleFinger
catalhoyuk#MiddlePhalanxOfRightRingFinger,catalhoyuk#MiddlePhalanxOfRingFinger
catalhoyuk#MiddlePhalanxOfRightSecondToe,catalhoyuk#MiddlePhalanxOfSecondToe
catalhoyuk#MiddlePhalanxOfRightThirdToe,catalhoyuk#MiddlePhalanxOfThirdToe
catalhoyuk#MiddlePhalanxOfRingFinger,catalhoyuk#PhalanxOfRingFinger
catalhoyuk#MiddlePhalanxOfSecondToe,catalhoyuk#PhalanxOfSecondToe
catalhoyuk#MiddlePhalanxOfThirdToe,catalhoyuk#PhalanxOfThirdToe
catalhoyuk#MiddlePhalanxOfToe,catalhoyuk#PhalanxOfToe
catalhoyuk#Modification,rdf-schema#Resource
catalhoyuk#ModificationEvent,catalhoyuk#Event
catalhoyuk#MolarTooth,catalhoyuk#Tooth
catalhoyuk#MoldingPlasterCurtainWall,catalhoyuk#Feature
catalhoyuk#Mollusca,catalhoyuk#Spiralia
catalhoyuk#MouldingBin,catalhoyuk#Feature
catalhoyuk#Mound,catalhoyuk#SpatialEntity
catalhoyuk#Mouse,catalhoyuk#Rodentia
catalhoyuk#MovingImage,catalhoyuk#Documentation
catalhoyuk#MudBrickPavement,catalhoyuk#Pavement
catalhoyuk#MulticellularAnatomicalStructure,catalhoyuk#AnatomicalStructure
catalhoyuk#Murex,catalhoyuk#Muricinae
catalhoyuk#Muricidae,catalhoyuk#Muricoidea
catalhoyuk#Muricinae,catalhoyuk#Muricidae
catalhoyuk#Muricoidea,catalhoyuk#Neogastropoda
catalhoyuk#Muridae,catalhoyuk#Eumuroidea
catalhoyuk#Murinae,catalhoyuk#Muridae
catalhoyuk#Murini,catalhoyuk#Murinae
catalhoyuk#Muroidea,catalhoyuk#Myomorpha
catalhoyuk#Mus,catalhoyuk#Murini
catalhoyuk#MusMacedonicus,catalhoyuk#Mus
catalhoyuk#MusMusculus,catalhoyuk#Mus
catalhoyuk#Muscardinus,catalhoyuk#Leithiinae
catalhoyuk#MuscardinusAvellanarius,catalhoyuk#Muscardinus
catalhoyuk#Mustela,catalhoyuk#Mustelidae
catalhoyuk#Mustelidae,catalhoyuk#Caniformia
catalhoyuk#Myodes,catalhoyuk#Arvicolinae
catalhoyuk#MyodesGlareolus,catalhoyuk#Myodes
catalhoyuk#Myomimus,catalhoyuk#Leithiinae
catalhoyuk#MyomimusPersonatus,catalhoyuk#Myomimus
catalhoyuk#Myomorpha,catalhoyuk#Mouse
catalhoyuk#Mytilida,catalhoyuk#Pteriomorphia
catalhoyuk#Mytilidae,catalhoyuk#Mytiloidea
catalhoyuk#Mytiloidea,catalhoyuk#Mytilida
catalhoyuk#NasalBone,catalhoyuk#FlatBone
catalhoyuk#Natrix,catalhoyuk#Colubridae
catalhoyuk#NatrixTessellata,catalhoyuk#Natrix
catalhoyuk#NaturalLayer,catalhoyuk#Layer
catalhoyuk#NavicularBoneOfFoot,catalhoyuk#TarsalBone
catalhoyuk#NavicularBoneOfLeftFoot,catalhoyuk#NavicularBoneOfFoot
catalhoyuk#NavicularBoneOfRightFoot,catalhoyuk#NavicularBoneOfFoot
catalhoyuk#Neobatrachia,catalhoyuk#Anura
catalhoyuk#Neodiapsida,catalhoyuk#Diapsida
catalhoyuk#Neogastropoda,catalhoyuk#Caenogastropoda
catalhoyuk#Neomys,catalhoyuk#Soricidae
catalhoyuk#NeomysAnomalus,catalhoyuk#Neomys
catalhoyuk#NeomysFodiens,catalhoyuk#Neomys
catalhoyuk#Neopterygii,catalhoyuk#Actinopteri
catalhoyuk#Niche,catalhoyuk#Feature
catalhoyuk#NicheBin,catalhoyuk#Feature
catalhoyuk#NicheRecess,catalhoyuk#Feature
catalhoyuk#NinthRib,catalhoyuk#FalseRib
catalhoyuk#NinthThoracicVertebra,catalhoyuk#ThoracicVertebra
catalhoyuk#OccipitalBasilar,catalhoyuk#OccipitalBone
catalhoyuk#OccipitalBone,catalhoyuk#FlatBone
catalhoyuk#OccipitalLeftLateral,catalhoyuk#OccipitalBone
catalhoyuk#OccipitalRightLateral,catalhoyuk#OccipitalBone
catalhoyuk#OccipitalSquamous,catalhoyuk#OccipitalBone
catalhoyuk#Opening,catalhoyuk#Feature
catalhoyuk#OpeningInTheWall,catalhoyuk#Opening
catalhoyuk#Opisthokonta,catalhoyuk#Eukaryota
catalhoyuk#Organ,catalhoyuk#PostnatalAnatomicalStructure
catalhoyuk#OrganWithCavitatedOrganParts,catalhoyuk#CavitatedOrgan
catalhoyuk#OrganWithOrganCavity,catalhoyuk#CavitatedOrgan
catalhoyuk#Ornithodira,catalhoyuk#Avemetatarsalia
catalhoyuk#Oryctolagus,catalhoyuk#Leporidae
catalhoyuk#Ostariophysi,catalhoyuk#Otomorpha
catalhoyuk#Osteichthyes,catalhoyuk#Gnathostomata
catalhoyuk#Osteoglossocephalai,catalhoyuk#Teleostei
catalhoyuk#Ostrea,catalhoyuk#Ostreinae
catalhoyuk#Ostreida,catalhoyuk#Pteriomorphia
catalhoyuk#Ostreidae,catalhoyuk#Ostreoidea
catalhoyuk#Ostreinae,catalhoyuk#Ostreidae
catalhoyuk#Ostreoidea,catalhoyuk#Ostreida
catalhoyuk#Otomorpha,catalhoyuk#Clupeocephala
catalhoyuk#Otophysa,catalhoyuk#Ostariophysi
catalhoyuk#Oven,catalhoyuk#FireInstallation
catalhoyuk#Ovis,catalhoyuk#Bovidae
catalhoyuk#PalatineBone,catalhoyuk#IrregularBone
catalhoyuk#Panthera,catalhoyuk#Felidae
catalhoyuk#PantheraPardus,catalhoyuk#Panthera
catalhoyuk#Paraves,catalhoyuk#Maniraptora
catalhoyuk#ParietalBone,catalhoyuk#FlatBone
catalhoyuk#PartAddition,catalhoyuk#Modification
catalhoyuk#PartRemoval,catalhoyuk#Modification
catalhoyuk#Partition,catalhoyuk#Feature
catalhoyuk#PartitionWall,catalhoyuk#Wall
catalhoyuk#Patella,catalhoyuk#SesamoidBone
catalhoyuk#Patellidae,catalhoyuk#Patelloidea
catalhoyuk#Patellogastropoda,catalhoyuk#Gastropoda
catalhoyuk#Patelloidea,catalhoyuk#Patellogastropoda
catalhoyuk#Pavement,catalhoyuk#Feature
catalhoyuk#Pectinida,catalhoyuk#Pteriomorphia
catalhoyuk#Pectinoidea,catalhoyuk#Pectinida
catalhoyuk#Perissodactyla,catalhoyuk#Scrotifera
catalhoyuk#Person,rdf-schema#Resource
catalhoyuk#Phalanx,catalhoyuk#LongBone
catalhoyuk#PhalanxOfBigToe,catalhoyuk#PhalanxOfToe
catalhoyuk#PhalanxOfFinger,catalhoyuk#Phalanx
catalhoyuk#PhalanxOfFourthToe,catalhoyuk#PhalanxOfToe
catalhoyuk#PhalanxOfIndexFinger,catalhoyuk#PhalanxOfFinger
catalhoyuk#PhalanxOfLittleFinger,catalhoyuk#PhalanxOfFinger
catalhoyuk#PhalanxOfLittleToe,catalhoyuk#PhalanxOfToe
catalhoyuk#PhalanxOfMiddleFinger,catalhoyuk#PhalanxOfFinger
catalhoyuk#PhalanxOfRingFinger,catalhoyuk#PhalanxOfFinger
catalhoyuk#PhalanxOfSecondToe,catalhoyuk#PhalanxOfToe
catalhoyuk#PhalanxOfThirdToe,catalhoyuk#PhalanxOfToe
catalhoyuk#PhalanxOfThumb,catalhoyuk#PhalanxOfFinger
catalhoyuk#PhalanxOfToe,catalhoyuk#Phalanx
catalhoyuk#Phase,catalhoyuk#SequentialStep
catalhoyuk#PhotographicPicture,catalhoyuk#Image
catalhoyuk#PhysicalAnatomicalEntity,catalhoyuk#AnatomicalEntity
catalhoyuk#PhysicalThing,rdf-schema#Resource
catalhoyuk#Pillar,catalhoyuk#Feature
catalhoyuk#PillarBase,catalhoyuk#Base
catalhoyuk#Pisiform,catalhoyuk#ProximalCarpalBone
catalhoyuk#Pit,catalhoyuk#Feature
catalhoyuk#PitBin,catalhoyuk#Feature
catalhoyuk#PitGrave,catalhoyuk#Feature
catalhoyuk#PitScoop,catalhoyuk#Pit
catalhoyuk#Placentalia,catalhoyuk#Eutheria
catalhoyuk#PlasterAmorphMass,catalhoyuk#Feature
catalhoyuk#PlasterCollapse,catalhoyuk#Feature
catalhoyuk#PlasterLinedPit,catalhoyuk#Pit
catalhoyuk#PlasterShelf,catalhoyuk#Shelf
catalhoyuk#PlasteredCluster,catalhoyuk#Feature
catalhoyuk#Platform,catalhoyuk#Feature
catalhoyuk#PneumatizedBone,catalhoyuk#IrregularBone
catalhoyuk#Podium,catalhoyuk#Feature
catalhoyuk#PodiumPedestal,catalhoyuk#Feature
catalhoyuk#Point,catalhoyuk#GeometricPrimitive
catalhoyuk#PointInTime,catalhoyuk#TimeFrame
catalhoyuk#Post,catalhoyuk#Feature
catalhoyuk#PostBase,catalhoyuk#Base
catalhoyuk#PostHole,catalhoyuk#Feature
catalhoyuk#PostPad,catalhoyuk#Pillar
catalhoyuk#PostPillar,catalhoyuk#Feature
catalhoyuk#PostPit,catalhoyuk#Pit
catalhoyuk#PostRetrievalPit,catalhoyuk#Pit
catalhoyuk#PostScar,catalhoyuk#Post
catalhoyuk#PostnatalAnatomicalStructure,catalhoyuk#MulticellularAnatomicalStructure
catalhoyuk#PotInPit,catalhoyuk#Feature
catalhoyuk#PreinterparietalBone,catalhoyuk#SuturalBone
catalhoyuk#PremolarTooth,catalhoyuk#Tooth
catalhoyuk#PrimaryCanineTooth,catalhoyuk#CanineTooth
catalhoyuk#PrimaryFirstMandibularMolarTooth,catalhoyuk#FirstMandibularMolarTooth
catalhoyuk#PrimaryFirstMolarTooth,catalhoyuk#PrimaryMolarTooth
catalhoyuk#PrimaryFirstUpperMolarTooth,catalhoyuk#FirstMaxillaryMolarTooth
catalhoyuk#PrimaryIncisorTooth,catalhoyuk#IncisorTooth
catalhoyuk#PrimaryLowerCanineTooth,catalhoyuk#MaxillaryCanineTooth
catalhoyuk#PrimaryLowerCentralIncisorTooth,catalhoyuk#LowerCentralIncisorTooth
catalhoyuk#PrimaryLowerIncisorTooth,catalhoyuk#PrimaryIncisorTooth
catalhoyuk#PrimaryLowerLateralIncisorTooth,catalhoyuk#LowerLateralIncisorTooth
catalhoyuk#PrimaryMandibularMolarTooth,catalhoyuk#PrimaryMolarTooth
catalhoyuk#PrimaryMaxillaryMolarTooth,catalhoyuk#PrimaryMolarTooth
catalhoyuk#PrimaryMolarTooth,catalhoyuk#MolarTooth
catalhoyuk#PrimarySecondMandibularMolarTooth,catalhoyuk#SecondMandibularMolarTooth
catalhoyuk#PrimarySecondMolarTooth,catalhoyuk#PrimaryMolarTooth
catalhoyuk#PrimarySecondUpperMolarTooth,catalhoyuk#SecondMaxillaryMolarTooth
catalhoyuk#PrimaryUpperCanineTooth,catalhoyuk#MandibularCanineTooth
catalhoyuk#PrimaryUpperCentralIncisorTooth,catalhoyuk#UpperCentralIncisorTooth
catalhoyuk#PrimaryUpperIncisorTooth,catalhoyuk#PrimaryIncisorTooth
catalhoyuk#PrimaryUpperLateralIncisorTooth,catalhoyuk#UpperLateralIncisorTooth
catalhoyuk#Primates,catalhoyuk#Euarchonta
catalhoyuk#Protostomia,catalhoyuk#Bilateria
catalhoyuk#ProximalCarpalBone,catalhoyuk#CarpalBone
catalhoyuk#ProximalOfLeftClavicle,catalhoyuk#LeftClavicle
catalhoyuk#ProximalOfLeftFemur,catalhoyuk#LeftFemur
catalhoyuk#ProximalOfLeftFibula,catalhoyuk#LeftFibula
catalhoyuk#ProximalOfLeftHumerus,catalhoyuk#LeftHumerus
catalhoyuk#ProximalOfLeftRadius,catalhoyuk#LeftRadius
catalhoyuk#ProximalOfLeftTibia,catalhoyuk#LeftTibia
catalhoyuk#ProximalOfLeftUlna,catalhoyuk#LeftUlna
catalhoyuk#ProximalOfRightClavicle,catalhoyuk#RightClavicle
catalhoyuk#ProximalOfRightFemur,catalhoyuk#RightFemur
catalhoyuk#ProximalOfRightFibula,catalhoyuk#RightFibula
catalhoyuk#ProximalOfRightHumerus,catalhoyuk#RightHumerus
catalhoyuk#ProximalOfRightRadius,catalhoyuk#RightRadius
catalhoyuk#ProximalOfRightTibia,catalhoyuk#RightTibia
catalhoyuk#ProximalOfRightUlna,catalhoyuk#RightUlna
catalhoyuk#ProximalPhalanx,catalhoyuk#Phalanx
catalhoyuk#ProximalPhalanxOfBigToe,catalhoyuk#PhalanxOfBigToe
catalhoyuk#ProximalPhalanxOfFinger,catalhoyuk#PhalanxOfFinger
catalhoyuk#ProximalPhalanxOfFourthToe,catalhoyuk#PhalanxOfFourthToe
catalhoyuk#ProximalPhalanxOfIndexFinger,catalhoyuk#PhalanxOfIndexFinger
catalhoyuk#ProximalPhalanxOfLeftBigToe,catalhoyuk#ProximalPhalanxOfBigToe
catalhoyuk#ProximalPhalanxOfLeftFinger,catalhoyuk#ProximalPhalanxOfFinger
catalhoyuk#ProximalPhalanxOfLeftFourthToe,catalhoyuk#ProximalPhalanxOfFourthToe
catalhoyuk#ProximalPhalanxOfLeftIndexFinger,catalhoyuk#ProximalPhalanxOfIndexFinger
catalhoyuk#ProximalPhalanxOfLeftLittleFinger,catalhoyuk#ProximalPhalanxOfLittleFinger
catalhoyuk#ProximalPhalanxOfLeftLittleToe,catalhoyuk#ProximalPhalanxOfLittleToe
catalhoyuk#ProximalPhalanxOfLeftMiddleFinger,catalhoyuk#ProximalPhalanxOfMiddleFinger
catalhoyuk#ProximalPhalanxOfLeftRingFinger,catalhoyuk#ProximalPhalanxOfRingFinger
catalhoyuk#ProximalPhalanxOfLeftSecondToe,catalhoyuk#ProximalPhalanxOfSecondToe
catalhoyuk#ProximalPhalanxOfLeftThirdToe,catalhoyuk#ProximalPhalanxOfThirdToe
catalhoyuk#ProximalPhalanxOfLeftThumb,catalhoyuk#ProximalPhalanxOfThumb
catalhoyuk#ProximalPhalanxOfLesserLeftToe,catalhoyuk#ProximalPhalanxOfLesserToe
catalhoyuk#ProximalPhalanxOfLesserRightToe,catalhoyuk#ProximalPhalanxOfLesserToe
catalhoyuk#ProximalPhalanxOfLesserToe,catalhoyuk#ProximalPhalanxOfToe
catalhoyuk#ProximalPhalanxOfLittleFinger,catalhoyuk#PhalanxOfLittleFinger
catalhoyuk#ProximalPhalanxOfLittleToe,catalhoyuk#PhalanxOfLittleToe
catalhoyuk#ProximalPhalanxOfMiddleFinger,catalhoyuk#PhalanxOfMiddleFinger
catalhoyuk#ProximalPhalanxOfRightBigToe,catalhoyuk#ProximalPhalanxOfBigToe
catalhoyuk#ProximalPhalanxOfRightFinger,catalhoyuk#ProximalPhalanxOfFinger
catalhoyuk#ProximalPhalanxOfRightFourthToe,catalhoyuk#ProximalPhalanxOfFourthToe
catalhoyuk#ProximalPhalanxOfRightIndexFinger,catalhoyuk#ProximalPhalanxOfIndexFinger
catalhoyuk#ProximalPhalanxOfRightLittleFinger,catalhoyuk#ProximalPhalanxOfLittleFinger
catalhoyuk#ProximalPhalanxOfRightLittleToe,catalhoyuk#ProximalPhalanxOfLittleToe
catalhoyuk#ProximalPhalanxOfRightMiddleFinger,catalhoyuk#ProximalPhalanxOfMiddleFinger
catalhoyuk#ProximalPhalanxOfRightRingFinger,catalhoyuk#ProximalPhalanxOfRingFinger
catalhoyuk#ProximalPhalanxOfRightSecondToe,catalhoyuk#ProximalPhalanxOfSecondToe
catalhoyuk#ProximalPhalanxOfRightThirdToe,catalhoyuk#ProximalPhalanxOfThirdToe
catalhoyuk#ProximalPhalanxOfRightThumb,catalhoyuk#ProximalPhalanxOfThumb
catalhoyuk#ProximalPhalanxOfRingFinger,catalhoyuk#PhalanxOfRingFinger
catalhoyuk#ProximalPhalanxOfSecondToe,catalhoyuk#PhalanxOfSecondToe
catalhoyuk#ProximalPhalanxOfThirdToe,catalhoyuk#PhalanxOfThirdToe
catalhoyuk#ProximalPhalanxOfThumb,catalhoyuk#PhalanxOfThumb
catalhoyuk#ProximalPhalanxOfToe,catalhoyuk#PhalanxOfToe
catalhoyuk#Pteriomorphia,catalhoyuk#Bivalvia
catalhoyuk#PubisLeftHipbone,catalhoyuk#LeftHipBone
catalhoyuk#PubisRightHipbone,catalhoyuk#RightHipBone
catalhoyuk#Puddled,catalhoyuk#LadderEmplacement
catalhoyuk#Radius,catalhoyuk#LongBone
catalhoyuk#Ranidae,catalhoyuk#Ranoidea
catalhoyuk#Ranoidea,catalhoyuk#Neobatrachia
catalhoyuk#Rattini,catalhoyuk#Murinae
catalhoyuk#Rattus,catalhoyuk#Rattini
catalhoyuk#RattusNorvegicus,catalhoyuk#Rattus
catalhoyuk#RattusRattus,catalhoyuk#Rattus
catalhoyuk#Recess,catalhoyuk#NicheRecess
catalhoyuk#RecognitionEvent,catalhoyuk#Event
catalhoyuk#RedFireInstallation,catalhoyuk#FireInstallation
catalhoyuk#RedepositedHearth,catalhoyuk#Hearth
catalhoyuk#ReftLowerCentralIncisorTooth,catalhoyuk#SecondaryLowerCentralIncisorTooth
catalhoyuk#ReftPrimaryLowerCentralIncisorTooth,catalhoyuk#PrimaryLowerCentralIncisorTooth
catalhoyuk#ReftPrimaryUpperCentralIncisorTooth,catalhoyuk#PrimaryUpperCentralIncisorTooth
catalhoyuk#ReftUpperCentralIncisorTooth,catalhoyuk#SecondaryUpperCentralIncisorTooth
catalhoyuk#Reptilia,catalhoyuk#Amniota
catalhoyuk#Reptiliomorpha,catalhoyuk#Tetrapoda
catalhoyuk#Rhinolophidae,catalhoyuk#Microchiroptera
catalhoyuk#Rhinolophus,catalhoyuk#Rhinolophidae
catalhoyuk#RhinolophusBlasii,catalhoyuk#Rhinolophus
catalhoyuk#RhinolophusEuryale,catalhoyuk#Rhinolophus
catalhoyuk#RhinolophusFerrumequinum,catalhoyuk#Rhinolophus
catalhoyuk#RhinolophusHipposideros,catalhoyuk#Rhinolophus
catalhoyuk#Rib,catalhoyuk#LongBone
catalhoyuk#Ridge,catalhoyuk#Kerb
catalhoyuk#RightCalcaneus,catalhoyuk#Calcaneus
catalhoyuk#RightCapitate,catalhoyuk#Capitate
catalhoyuk#RightClavicle,catalhoyuk#Clavicle
catalhoyuk#RightCuboidBone,catalhoyuk#CuboidBone
catalhoyuk#RightEighthRib,catalhoyuk#EighthRib
catalhoyuk#RightEleventhRib,catalhoyuk#EleventhRib
catalhoyuk#RightFabella,catalhoyuk#Fabella
catalhoyuk#RightFemur,catalhoyuk#Femur
catalhoyuk#RightFibula,catalhoyuk#Fibula
catalhoyuk#RightFifthMetacarpalBone,catalhoyuk#FifthMetacarpalBone
catalhoyuk#RightFifthMetatarsalBone,catalhoyuk#FifthMetatarsalBone
catalhoyuk#RightFifthRib,catalhoyuk#FifthRib
catalhoyuk#RightFirstLowerMolarTooth,catalhoyuk#SecondaryFirstMandibularMolarTooth
catalhoyuk#RightFirstLowerPremolarTooth,catalhoyuk#FirstMandibularPremolarTooth
catalhoyuk#RightFirstMetacarpalBone,catalhoyuk#FirstMetacarpalBone
catalhoyuk#RightFirstMetatarsalBone,catalhoyuk#FirstMetatarsalBone
catalhoyuk#RightFirstRib,catalhoyuk#FirstRib
catalhoyuk#RightFirstUpperMolarTooth,catalhoyuk#SecondaryFirstUpperMolarTooth
catalhoyuk#RightFirstUpperPremolarTooth,catalhoyuk#FirstMaxillaryPremolarTooth
catalhoyuk#RightFourthMetacarpalBone,catalhoyuk#FourthMetacarpalBone
catalhoyuk#RightFourthMetatarsalBone,catalhoyuk#FourthMetatarsalBone
catalhoyuk#RightFourthRib,catalhoyuk#FourthRib
catalhoyuk#RightHamate,catalhoyuk#Hamate
catalhoyuk#RightHipBone,catalhoyuk#HipBone
catalhoyuk#RightHumerus,catalhoyuk#Humerus
catalhoyuk#RightIncus,catalhoyuk#Incus
catalhoyuk#RightInferiorNasalConcha,catalhoyuk#InferiorNasalConcha
catalhoyuk#RightIntermediateCuneiformBone,catalhoyuk#IntermediateCuneiformBone
catalhoyuk#RightLacrimalBone,catalhoyuk#LacrimalBone
catalhoyuk#RightLateralCuneiformBone,catalhoyuk#LateralCuneiformBone
catalhoyuk#RightLowerCanineTooth,catalhoyuk#SecondaryLowerCanineTooth
catalhoyuk#RightLowerLateralIncisorTooth,catalhoyuk#SecondaryLowerLateralIncisorTooth
catalhoyuk#RightLunate,catalhoyuk#Lunate
catalhoyuk#RightMalleus,catalhoyuk#Malleus
catalhoyuk#RightMandible,catalhoyuk#Mandible
catalhoyuk#RightMaxilla,catalhoyuk#Maxilla
catalhoyuk#RightMedialCuneiformBone,catalhoyuk#MedialCuneiformBone
catalhoyuk#RightNasalBone,catalhoyuk#NasalBone
catalhoyuk#RightNinthRib,catalhoyuk#NinthRib
catalhoyuk#RightPalatineBone,catalhoyuk#PalatineBone
catalhoyuk#RightParietalBone,catalhoyuk#ParietalBone
catalhoyuk#RightPatella,catalhoyuk#Patella
catalhoyuk#RightPisiform,catalhoyuk#Pisiform
catalhoyuk#RightPrimaryFirstLowerMolarTooth,catalhoyuk#PrimaryFirstMandibularMolarTooth
catalhoyuk#RightPrimaryFirstUpperMolarTooth,catalhoyuk#PrimaryFirstUpperMolarTooth
catalhoyuk#RightPrimaryLowerCanineTooth,catalhoyuk#PrimaryLowerCanineTooth
catalhoyuk#RightPrimaryLowerLateralIncisorTooth,catalhoyuk#PrimaryLowerLateralIncisorTooth
catalhoyuk#RightPrimarySecondLowerMolarTooth,catalhoyuk#PrimarySecondMandibularMolarTooth
catalhoyuk#RightPrimarySecondUpperMolarTooth,catalhoyuk#PrimarySecondUpperMolarTooth
catalhoyuk#RightPrimaryUpperCanineTooth,catalhoyuk#PrimaryUpperCanineTooth
catalhoyuk#RightPrimaryUpperLateralIncisorTooth,catalhoyuk#PrimaryUpperLateralIncisorTooth
catalhoyuk#RightRadius,catalhoyuk#Radius
catalhoyuk#RightScaphoid,catalhoyuk#Scaphoid
catalhoyuk#RightScapula,catalhoyuk#Scapula
catalhoyuk#RightSecondLowerMolarTooth,catalhoyuk#SecondarySecondMandibularMolarTooth
catalhoyuk#RightSecondLowerPremolarTooth,catalhoyuk#SecondMandibularPremolarTooth
catalhoyuk#RightSecondMetacarpalBone,catalhoyuk#SecondMetacarpalBone
catalhoyuk#RightSecondMetatarsalBone,catalhoyuk#SecondMetatarsalBone
catalhoyuk#RightSecondRib,catalhoyuk#SecondRib
catalhoyuk#RightSecondUpperMolarTooth,catalhoyuk#SecondarySecondUpperMolarTooth
catalhoyuk#RightSecondUpperPremolarTooth,catalhoyuk#SecondMaxillaryPremolarTooth
catalhoyuk#RightSeventhRib,catalhoyuk#SeventhRib
catalhoyuk#RightSixthRib,catalhoyuk#SixthRib
catalhoyuk#RightStapes,catalhoyuk#Stapes
catalhoyuk#RightTalus,catalhoyuk#Talus
catalhoyuk#RightTemporalBone,catalhoyuk#TemporalBone
catalhoyuk#RightTenthRib,catalhoyuk#TenthRib
catalhoyuk#RightThirdLowerMolarTooth,catalhoyuk#ThirdMandibularMolarTooth
catalhoyuk#RightThirdMetacarpalBone,catalhoyuk#ThirdMetacarpalBone
catalhoyuk#RightThirdMetatarsalBone,catalhoyuk#ThirdMetatarsalBone
catalhoyuk#RightThirdRib,catalhoyuk#ThirdRib
catalhoyuk#RightThirdUpperMolarTooth,catalhoyuk#ThirdMaxillaryMolarTooth
catalhoyuk#RightTibia,catalhoyuk#Tibia
catalhoyuk#RightTrapezium,catalhoyuk#Trapezium
catalhoyuk#RightTrapezoid,catalhoyuk#Trapezoid
catalhoyuk#RightTriquetral,catalhoyuk#Triquetral
catalhoyuk#RightTwelfthRib,catalhoyuk#TwelfthRib
catalhoyuk#RightUlna,catalhoyuk#Ulna
catalhoyuk#RightUpperCanineTooth,catalhoyuk#SecondaryUpperCanineTooth
catalhoyuk#RightUpperLateralIncisorTooth,catalhoyuk#SecondaryUpperLateralIncisorTooth
catalhoyuk#RightZygomaticBone,catalhoyuk#ZygomaticBone
catalhoyuk#RobbedOutThing,catalhoyuk#Feature
catalhoyuk#Rodentia,catalhoyuk#Glires
catalhoyuk#Roof,catalhoyuk#Feature
catalhoyuk#RoomPartition,catalhoyuk#InternalPartition
catalhoyuk#Ruminantia,catalhoyuk#Cetartiodactyla
catalhoyuk#Rupicapra,catalhoyuk#Bovidae
catalhoyuk#SacralVertebra,catalhoyuk#Vertebra
catalhoyuk#Sample,catalhoyuk#ExtractionObject
catalhoyuk#Sarcopterygii,catalhoyuk#Osteichthyes
catalhoyuk#Saurischia,catalhoyuk#Dinosauria
catalhoyuk#Scaphoid,catalhoyuk#ProximalCarpalBone
catalhoyuk#Scapula,catalhoyuk#FlatBone
catalhoyuk#Scincidae,catalhoyuk#Scincoidea
catalhoyuk#Scincoidea,catalhoyuk#Squamata
catalhoyuk#Sciuridae,catalhoyuk#Sciuromorpha
catalhoyuk#Sciuromorpha,catalhoyuk#Rodentia
catalhoyuk#Scoop,catalhoyuk#Pit
catalhoyuk#ScreenWall,catalhoyuk#Wall
catalhoyuk#Scrotifera,catalhoyuk#Laurasiatheria
catalhoyuk#SecondCoccygealVertebra,catalhoyuk#CoccygealVertebra
catalhoyuk#SecondLumbarVertebra,catalhoyuk#LumbarVertebra
catalhoyuk#SecondMandibularMolarTooth,catalhoyuk#MandibularMolarTooth
catalhoyuk#SecondMandibularPremolarTooth,catalhoyuk#MandibularPremolarTooth
catalhoyuk#SecondMaxillaryMolarTooth,catalhoyuk#MaxillaryMolarTooth
catalhoyuk#SecondMaxillaryPremolarTooth,catalhoyuk#MaxillaryPremolarTooth
catalhoyuk#SecondMetacarpalBone,catalhoyuk#MetacarpalBone
catalhoyuk#SecondMetatarsalBone,catalhoyuk#MetatarsalBone
catalhoyuk#SecondMolarTooth,catalhoyuk#MolarTooth
catalhoyuk#SecondPremolarTooth,catalhoyuk#PremolarTooth
catalhoyuk#SecondRib,catalhoyuk#AtypicalRib
catalhoyuk#SecondSacralVertebra,catalhoyuk#SacralVertebra
catalhoyuk#SecondThoracicVertebra,catalhoyuk#ThoracicVertebra
catalhoyuk#SecondaryCanineTooth,catalhoyuk#CanineTooth
catalhoyuk#SecondaryFirstMandibularMolarTooth,catalhoyuk#FirstMandibularMolarTooth
catalhoyuk#SecondaryFirstUpperMolarTooth,catalhoyuk#FirstMaxillaryMolarTooth
catalhoyuk#SecondaryIncisorTooth,catalhoyuk#IncisorTooth
catalhoyuk#SecondaryLowerCanineTooth,catalhoyuk#MaxillaryCanineTooth
catalhoyuk#SecondaryLowerCentralIncisorTooth,catalhoyuk#LowerCentralIncisorTooth
catalhoyuk#SecondaryLowerIncisorTooth,catalhoyuk#SecondaryIncisorTooth
catalhoyuk#SecondaryLowerLateralIncisorTooth,catalhoyuk#LowerLateralIncisorTooth
catalhoyuk#SecondaryMolarTooth,catalhoyuk#MolarTooth
catalhoyuk#SecondarySecondMandibularMolarTooth,catalhoyuk#SecondMandibularMolarTooth
catalhoyuk#SecondarySecondUpperMolarTooth,catalhoyuk#SecondMaxillaryMolarTooth
catalhoyuk#SecondaryUpperCanineTooth,catalhoyuk#MandibularCanineTooth
catalhoyuk#SecondaryUpperCentralIncisorTooth,catalhoyuk#UpperCentralIncisorTooth
catalhoyuk#SecondaryUpperIncisorTooth,catalhoyuk#SecondaryIncisorTooth
catalhoyuk#SecondaryUpperLateralIncisorTooth,catalhoyuk#UpperLateralIncisorTooth
catalhoyuk#SequentialStep,rdf-schema#Resource
catalhoyuk#Serpentes,catalhoyuk#Squamata
catalhoyuk#SesamoidBone,catalhoyuk#ShortBone
catalhoyuk#SesamoidBoneOfFoot,catalhoyuk#SesamoidBone
catalhoyuk#SesamoidBoneOfHand,catalhoyuk#SesamoidBone
catalhoyuk#SesamoidBoneOfLeftFoot,catalhoyuk#SesamoidBoneOfFoot
catalhoyuk#SesamoidBoneOfLeftHand,catalhoyuk#SesamoidBoneOfHand
catalhoyuk#SesamoidBoneOfRightFoot,catalhoyuk#SesamoidBoneOfFoot
catalhoyuk#SesamoidBoneOfRightHand,catalhoyuk#SesamoidBoneOfHand
catalhoyuk#SesamoidOfBigToe,catalhoyuk#SesamoidBoneOfFoot
catalhoyuk#SetupForTheGrindingStone,catalhoyuk#Feature
catalhoyuk#SeventhCervicalVertebra,catalhoyuk#CervicalVertebra
catalhoyuk#SeventhRib,catalhoyuk#TypicalRib
catalhoyuk#SeventhThoracicVertebra,catalhoyuk#ThoracicVertebra
catalhoyuk#ShaftOfLeftClavicle,catalhoyuk#LeftClavicle
catalhoyuk#ShaftOfLeftFemur,catalhoyuk#LeftFemur
catalhoyuk#ShaftOfLeftFibula,catalhoyuk#LeftFibula
catalhoyuk#ShaftOfLeftHumerus,catalhoyuk#LeftHumerus
catalhoyuk#ShaftOfLeftRadius,catalhoyuk#LeftRadius
catalhoyuk#ShaftOfLeftTibia,catalhoyuk#LeftTibia
catalhoyuk#ShaftOfLeftUlna,catalhoyuk#LeftUlna
catalhoyuk#ShaftOfRightClavicle,catalhoyuk#RightClavicle
catalhoyuk#ShaftOfRightFemur,catalhoyuk#RightFemur
catalhoyuk#ShaftOfRightFibula,catalhoyuk#RightFibula
catalhoyuk#ShaftOfRightHumerus,catalhoyuk#RightHumerus
catalhoyuk#ShaftOfRightRadius,catalhoyuk#RightRadius
catalhoyuk#ShaftOfRightTibia,catalhoyuk#RightTibia
catalhoyuk#ShaftOfRightUlna,catalhoyuk#RightUlna
catalhoyuk#Shelf,catalhoyuk#NicheRecess
catalhoyuk#ShortBone,catalhoyuk#BoneOrgan
catalhoyuk#Siluridae,catalhoyuk#Siluroidei
catalhoyuk#Siluriformes,catalhoyuk#Characiphysae
catalhoyuk#Siluroidei,catalhoyuk#Siluriformes
catalhoyuk#SixthCervicalVertebra,catalhoyuk#CervicalVertebra
catalhoyuk#SixthRib,catalhoyuk#TypicalRib
catalhoyuk#SixthThoracicVertebra,catalhoyuk#ThoracicVertebra
catalhoyuk#Skeleton,catalhoyuk#Cluster
catalhoyuk#SocialPerson,catalhoyuk#Person
catalhoyuk#Sorex,catalhoyuk#Soricidae
catalhoyuk#SorexAraneus,catalhoyuk#Sorex
catalhoyuk#SorexMinutus,catalhoyuk#Sorex
catalhoyuk#Soricidae,catalhoyuk#Lipotyphla
catalhoyuk#Space,catalhoyuk#SpatialEntity
catalhoyuk#Spalacidae,catalhoyuk#Muroidea
catalhoyuk#Spalacinae,catalhoyuk#Spalacidae
catalhoyuk#Spalax,catalhoyuk#Spalacinae
catalhoyuk#SpalaxMicrophthalmus,catalhoyuk#Spalax
catalhoyuk#SpatialCoordinates,catalhoyuk#Appellation
catalhoyuk#SpatialEntity,catalhoyuk#PhysicalThing
catalhoyuk#Spermophilus,catalhoyuk#Marmotini
catalhoyuk#SphenoidBody,catalhoyuk#SphenoidBone
catalhoyuk#SphenoidBone,catalhoyuk#PneumatizedBone
catalhoyuk#SphenoidLeftWing,catalhoyuk#SphenoidBone
catalhoyuk#SphenoidRightWing,catalhoyuk#SphenoidBone
catalhoyuk#Spiralia,catalhoyuk#Protostomia
catalhoyuk#Spondylidae,catalhoyuk#Pectinoidea
catalhoyuk#Spondylus,catalhoyuk#Spondylidae
catalhoyuk#Squamata,catalhoyuk#Lepidosauriformes
catalhoyuk#Stapes,catalhoyuk#AuditoryOssicle
catalhoyuk#Step,catalhoyuk#Kerb
catalhoyuk#StepBench,catalhoyuk#Feature
catalhoyuk#StepLedge,catalhoyuk#Feature
catalhoyuk#Sternum,catalhoyuk#FlatBone
catalhoyuk#SternumBody,catalhoyuk#Sternum
catalhoyuk#SternumManubrium,catalhoyuk#Sternum
catalhoyuk#StoreContainer,catalhoyuk#Container
catalhoyuk#Suidae,catalhoyuk#Suina
catalhoyuk#Suina,catalhoyuk#Cetartiodactyla
catalhoyuk#Suncus,catalhoyuk#Soricidae
catalhoyuk#SuncusEtruscus,catalhoyuk#Suncus
catalhoyuk#Surface,catalhoyuk#FloorFeature
catalhoyuk#Surface,catalhoyuk#GeometricPrimitive
catalhoyuk#Sus,catalhoyuk#Suidae
catalhoyuk#SusScrofa,catalhoyuk#Sus
catalhoyuk#SuturalBone,catalhoyuk#FlatBone
catalhoyuk#SymbolicObject,rdf-schema#Resource
catalhoyuk#Synapsida,catalhoyuk#Amniota
catalhoyuk#Talpa,catalhoyuk#Talpidae
catalhoyuk#TalpaEuropaea,catalhoyuk#Talpa
catalhoyuk#Talpidae,catalhoyuk#Lipotyphla
catalhoyuk#Talus,catalhoyuk#TarsalBone
catalhoyuk#TarsalBone,catalhoyuk#ShortBone
catalhoyuk#Teleostei,catalhoyuk#Neopterygii
catalhoyuk#Telescopus,catalhoyuk#Colubridae
catalhoyuk#TelescopusFallax,catalhoyuk#Telescopus
catalhoyuk#TemporalBone,catalhoyuk#PneumatizedBone
catalhoyuk#TemporalLeftPetrous,catalhoyuk#LeftTemporalBone
catalhoyuk#TemporalLeftSquamous,catalhoyuk#LeftTemporalBone
catalhoyuk#TemporalRightPetrous,catalhoyuk#RightTemporalBone
catalhoyuk#TemporalRightSquamous,catalhoyuk#RightTemporalBone
catalhoyuk#TenthRib,catalhoyuk#FalseRib
catalhoyuk#TenthThoracicVertebra,catalhoyuk#ThoracicVertebra
catalhoyuk#Testudinata,catalhoyuk#Neodiapsida
catalhoyuk#Tetanurae,catalhoyuk#Theropoda
catalhoyuk#Tetrapoda,catalhoyuk#Sarcopterygii
catalhoyuk#Therapsida,catalhoyuk#Synapsida
catalhoyuk#Theria,catalhoyuk#Mammalia
catalhoyuk#Theropoda,catalhoyuk#Saurischia
catalhoyuk#ThirdCervicalVertebra,catalhoyuk#CervicalVertebra
catalhoyuk#ThirdCoccygealVertebra,catalhoyuk#CoccygealVertebra
catalhoyuk#ThirdLumbarVertebra,catalhoyuk#LumbarVertebra
catalhoyuk#ThirdMandibularMolarTooth,catalhoyuk#MandibularMolarTooth
catalhoyuk#ThirdMaxillaryMolarTooth,catalhoyuk#MaxillaryMolarTooth
catalhoyuk#ThirdMetacarpalBone,catalhoyuk#MetacarpalBone
catalhoyuk#ThirdMetatarsalBone,catalhoyuk#MetatarsalBone
catalhoyuk#ThirdMolarTooth,catalhoyuk#MolarTooth
catalhoyuk#ThirdRib,catalhoyuk#TypicalRib
catalhoyuk#ThirdSacralVertebra,catalhoyuk#SacralVertebra
catalhoyuk#ThirdThoracicVertebra,catalhoyuk#ThoracicVertebra
catalhoyuk#ThoracicVertebra,catalhoyuk#Vertebra
catalhoyuk#Threshold,catalhoyuk#Feature
catalhoyuk#Tibia,catalhoyuk#LongBone
catalhoyuk#Time,rdf-schema#Resource
catalhoyuk#TimeFrame,catalhoyuk#Time
catalhoyuk#TombWallBase,catalhoyuk#Feature
catalhoyuk#Tooth,catalhoyuk#OrganWithOrganCavity
catalhoyuk#Trapezium,catalhoyuk#DistalCarpalBone
catalhoyuk#Trapezoid,catalhoyuk#DistalCarpalBone
catalhoyuk#Triquetral,catalhoyuk#ProximalCarpalBone
catalhoyuk#Trochida,catalhoyuk#Vetigastropoda
catalhoyuk#Trochoidea,catalhoyuk#Trochida
catalhoyuk#TrueRib,catalhoyuk#Rib
catalhoyuk#Turbinidae,catalhoyuk#Trochoidea
catalhoyuk#TwelfthRib,catalhoyuk#FloatingRib
catalhoyuk#TwelfthThoracicVertebra,catalhoyuk#ThoracicVertebra
catalhoyuk#TypicalRib,catalhoyuk#TrueRib
catalhoyuk#Ulna,catalhoyuk#LongBone
catalhoyuk#Unit,catalhoyuk#SpatialEntity
catalhoyuk#UpperCentralIncisorTooth,catalhoyuk#CentralIncisorTooth
catalhoyuk#UpperLateralIncisorTooth,catalhoyuk#LateralIncisorTooth
catalhoyuk#Ursidae,catalhoyuk#Caniformia
catalhoyuk#Ursus,catalhoyuk#Ursidae
catalhoyuk#VariantCervicalVertebra,catalhoyuk#CervicalVertebra
catalhoyuk#VariantRib,catalhoyuk#Rib
catalhoyuk#Vertebra,catalhoyuk#IrregularBone
catalhoyuk#Vertebrata,catalhoyuk#Chordata
catalhoyuk#Vetigastropoda,catalhoyuk#Gastropoda
catalhoyuk#VirtualSpace,catalhoyuk#Space
catalhoyuk#Void,catalhoyuk#Feature
catalhoyuk#Vomer,catalhoyuk#IrregularBone
catalhoyuk#Vulpes,catalhoyuk#Canidae
catalhoyuk#VulpesVulpes,catalhoyuk#Vulpes
catalhoyuk#Wall,catalhoyuk#Partition
catalhoyuk#WallBlocking,catalhoyuk#Wall
catalhoyuk#WallBucrania,catalhoyuk#WallFeature
catalhoyuk#WallFeature,catalhoyuk#Feature
catalhoyuk#WallMoulding,catalhoyuk#WallFeature
catalhoyuk#WallPainting,catalhoyuk#WallFeature
catalhoyuk#WallPillar,catalhoyuk#Pillar
catalhoyuk#WallRelief,catalhoyuk#WallFeature
catalhoyuk#WallRepair,catalhoyuk#Feature
catalhoyuk#WallSupport,catalhoyuk#Feature
catalhoyuk#WoodenPost,catalhoyuk#Post
catalhoyuk#WorkingSurface,catalhoyuk#Feature
catalhoyuk#X-Find,catalhoyuk#Find
catalhoyuk#Xerinae,catalhoyuk#Sciuridae
catalhoyuk#ZygomaticBone,catalhoyuk#IrregularBone